Ã¯Â»Â¿Incident Number,Exposure Number,ID,Address,Incident Date,Call Number,Alarm DtTm,Arrival DtTm,Close DtTm,City,zipcode,Battalion,Station Area,Box,Suppression Units,Suppression Personnel,EMS Units,EMS Personnel,Other Units,Other Personnel,First Unit On Scene,Estimated Property Loss,Estimated Contents Loss,Fire Fatalities,Fire Injuries,Civilian Fatalities,Civilian Injuries,Number of Alarms,Primary Situation,Mutual Aid,Action Taken Primary,Action Taken Secondary,Action Taken Other,Detector Alerted Occupants,Property Use,Area of Fire Origin,Ignition Cause,Ignition Factor Primary,Ignition Factor Secondary,Heat Source,Item First Ignited,Human Factors Associated with Ignition,Structure Type,Structure Status,Floor of Fire Origin,Fire Spread,No Flame Spead,Number of floors with minimum damage,Number of floors with significant damage,Number of floors with heavy damage,Number of floors with extreme damage,Detectors Present,Detector Type,Detector Operation,Detector Effectiveness,Detector Failure Reason,Automatic Extinguishing System Present,Automatic Extinguishing Sytem Type,Automatic Extinguishing Sytem Perfomance,Automatic Extinguishing Sytem Failure Reason,Number of Sprinkler Heads Operating,Supervisor District,neighborhood_district,point,longitude,latitude
"8,028,304",0,80283040,150 Elsie St.,2008-04-01T00:00:00,80920257,2008-04-01T18:06:37,2008-04-01T18:15:19,2008-04-01T18:21:48,SF,94110,B06,11,,1,4,0,0,0,0,E11,,,0,0,0,0,1,412 - Gas leak (natural gas or LPG),None,86 - Investigate,-,-,-,"962 - Residential street, road or residential dr",,,,,,,,,,,,,,,,,,,,,,,,,,,9,Bernal Heights,POINT (-122.41837339 37.74208979),-122.4183734,37.74208979
"8,028,303",0,80283030,85 Turner Tr.,2008-04-01T00:00:00,80920256,2008-04-01T18:00:52,2008-04-01T18:06:30,2008-04-01T18:22:18,SF,94107,B10,37,,1,4,0,0,0,0,E37,,,0,0,0,0,1,552 - Police matter,None,76 - Provide water,-,-,-,"960 - Street, other",,,,,,,,,,,,,,,,,,,,,,,,,,,10,Potrero Hill,POINT (-122.39489 37.756291),-122.39489,37.756291
"8,028,309",0,80283090,175 6th St.,2008-04-01T00:00:00,80920262,2008-04-01T18:42:06,2008-04-01T18:45:23,2008-04-01T18:53:25,SF,94105,B03,1,,10,35,0,0,0,0,E01,,,0,0,0,0,1,"210 - Steam Rupture, steam, other",None,86 - Investigate,-,-,-,429 - Multifamily dwellings,,,,,,,,,,,,,,,,,,,,,,,,,,,,South of Market,POINT (-122.407468 37.78008),-122.407468,37.78008
"8,028,314",0,80283140,633 Hayes St.,2008-04-01T00:00:00,80920268,2008-04-01T19:03:52,2008-04-01T19:08:39,2008-04-01T19:35:36,SF,94102,B02,36,,1,4,0,0,0,0,E36,,,0,0,0,0,1,522 - Water or steam leak,None,64 - Shut down system,-,-,-,"400 - Residential, other",,,,,,,,,,,,,,,,,,,,,,,,,,,5,Hayes Valley,POINT (-122.42684908 37.77612642),-122.4268491,37.77612642
"8,028,319",0,80283190,27th Av. / Cabrillo St.,2008-04-01T00:00:00,80920273,2008-04-01T19:16:12,2008-04-01T19:23:48,2008-04-01T19:28:49,SF,94121,B07,14,,1,4,0,0,0,0,E14,,,0,0,0,0,1,"520 - Water problem, other",None,"00 - Action taken, other",-,-,-,"960 - Street, other",,,,,,,,,,,,,,,,,,,,,,,,,,,,Outer Richmond,POINT (-122.4863941 37.77428492),-122.4863941,37.77428492
"8,028,337",0,80283370,165 Belgrave Av.,2008-04-01T00:00:00,80920294,2008-04-01T20:25:00,2008-04-01T20:31:41,2008-04-01T20:51:22,SF,94117,B05,12,,3,10,0,0,0,0,E12,,,0,0,0,0,1,733 - Smoke detector activation/malfunction,None,86 - Investigate,-,-,-,"400 - Residential, other",,,,,,,,,,,,,,,,,,,,,,,,,,,,Inner Sunset,POINT (-122.4481912 37.7597267),-122.4481912,37.7597267
"8,028,329",0,80283290,Grant Av. / Post St.,2008-04-01T00:00:00,80920285,2008-04-01T20:09:55,2008-04-01T20:12:29,2008-04-01T20:13:09,SF,94109,B01,1,,2,9,0,0,0,0,E01,,,0,0,0,0,1,"711 - Municipal alarm system, Street Box False",None,86 - Investigate,-,-,-,963 - Street or road in commercial area,,,,,,,,,,,,,,,,,,,,,,,,,,,3,Financial District/South Beach,POINT (-122.405223 37.788694),-122.405223,37.788694
"8,028,350",0,80283500,Cortland Av. / Andover St.,2008-04-01T00:00:00,80920309,2008-04-01T21:16:25,2008-04-01T21:18:32,2008-04-01T21:19:43,SF,94110,B06,32,,2,9,0,0,0,0,E32,,,0,0,0,0,1,"711 - Municipal alarm system, Street Box False",None,86 - Investigate,-,-,-,"960 - Street, other",,,,,,,,,,,,,,,,,,,,,,,,,,,9,Bernal Heights,POINT (-122.416457 37.739056),-122.416457,37.739056
"8,028,355",0,80283550,2nd St. / Brannan St.,2008-04-01T00:00:00,80920315,2008-04-01T21:55:38,2008-04-01T22:00:33,2008-04-01T22:07:20,SF,94107,B03,8,,1,4,0,0,0,0,T08,,,0,0,0,0,1,522 - Water or steam leak,None,86 - Investigate,-,-,-,963 - Street or road in commercial area,,,,,,,,,,,,,,,,,,,,,,,,,,,,Financial District/South Beach,POINT (-122.392082 37.781846),-122.392082,37.781846
"8,028,352",0,80283520,300 Ortega St.,2008-04-01T00:00:00,80920311,2008-04-01T21:17:59,2008-04-01T21:24:23,2008-04-01T21:31:37,SF,94122,B08,22,,3,10,0,0,0,0,E22,,1,0,0,0,0,1,"113 - Cooking fire, confined to container",None,86 - Investigate,-,-,1 - Detector alerted occupants,"400 - Residential, other","24 - Cooking area, kitchen",2 - Unintentional,12 - Heat source too close to combustibles,-,81 - Heat; direct flame or convection,"76 - Cooking materials, inc. Edible materi",3 - Unattended or unsupervised person,,,,,,,,,,,,,,,,,,,,,Inner Sunset,POINT (-122.46678342 37.75300898),-122.4667834,37.75300898
"8,028,359",0,80283590,241 6th St.,2008-04-01T00:00:00,80920320,2008-04-01T22:32:12,2008-04-01T22:37:29,2008-04-01T22:47:23,SF,94107,B03,1,,3,10,0,0,0,0,E01,,,0,0,0,0,1,"743 - Smoke detector, no fire, accidental",None,86 - Investigate,-,-,-,429 - Multifamily dwellings,,,,,,,,,,,,,,,,,,,,,,,,,,,,South of Market,POINT (-122.406258 37.779375),-122.406258,37.779375
"8,028,371",0,80283710,Mendell St. / Newhall St.,2008-04-01T00:00:00,80920332,2008-04-01T23:12:06,2008-04-01T23:22:46,2008-04-01T23:23:19,SF,94124,B10,25,,1,4,0,0,0,0,E25,,,0,0,0,0,1,551 - Assist PD or other Govern. Agency,None,"70 - Assistance, other",-,-,-,963 - Street or road in commercial area,,,,,,,,,,,,,,,,,,,,,,,,,,,10,Bayview Hunters Point,POINT (-122.383855 37.742381),-122.383855,37.742381
"8,028,112",0,80281120,982 Market St.,2008-04-01T00:00:00,80920006,2008-04-01T00:24:10,2008-04-01T00:28:41,2008-04-01T00:29:46,SF,94105,B03,1,,3,11,0,0,0,0,E03,,,0,0,0,0,1,"711 - Municipal alarm system, Street Box False",None,86 - Investigate,-,-,-,"960 - Street, other",,,,,,,,,,,,,,,,,,,,,,,,,,,,Tenderloin,POINT (-122.41034 37.782689),-122.41034,37.782689
"8,028,114",0,80281140,1485 Bayshore Bl.,2008-04-01T00:00:00,80920008,2008-04-01T00:34:39,2008-04-01T00:39:01,2008-04-01T00:43:50,SF,94124,B10,42,,1,4,0,0,0,0,E42,,,0,0,0,0,1,411 - Gasoline or other flammable liquid spill,None,45 - Remove hazard,-,-,-,"960 - Street, other",,,,,,,,,,,,,,,,,,,,,,,,,,,10,Bayview Hunters Point,POINT (-122.40139 37.725537),-122.40139,37.725537
"8,028,127",0,80281270,University St. / Wayland St.,2008-04-01T00:00:00,80920021,2008-04-01T01:49:18,2008-04-01T01:55:37,2008-04-01T02:08:13,SF,94124,B09,42,,1,4,0,0,0,0,E42,,,0,0,0,0,1,"150 - Outside rubbish fire, other",None,86 - Investigate,-,-,-,"960 - Street, other",,,,,,,,,,,,,,,,,,,,,,,,,,,,Portola,POINT (-122.412971 37.723859),-122.412971,37.723859
"8,028,125",0,80281250,1 Sf Intl Airport,2008-04-01T00:00:00,80920019,2008-04-01T01:03:06,2008-04-01T01:14:26,2008-04-01T01:26:14,SFO,94128,B09,A1,,1,3,0,0,0,0,AP,,,0,0,0,0,1,413 - Oil or other combustible liquid spill,None,45 - Remove hazard,-,-,-,963 - Street or road in commercial area,,,,,,,,,,,,,,,,,,,,,,,,,,,,Bayview Hunters Point,POINT (-122.38416 37.616901),-122.38416,37.616901
"8,028,129",0,80281290,301 Main St.,2008-04-01T00:00:00,80920023,2008-04-01T01:54:55,2008-04-01T02:04:37,2008-04-01T02:07:34,SF,94103,B03,35,,3,10,0,0,0,0,E35,,,0,0,0,0,1,745 - Alarm system sounded/no fire-accidental,None,86 - Investigate,-,-,-,599 - Business office,,,,,,,,,,,,,,,,,,,,,,,,,,,6,Financial District/South Beach,POINT (-122.39174 37.78937),-122.39174,37.78937
"8,028,137",0,80281370,21st Av. / Balboa St.,2008-04-01T00:00:00,80920032,2008-04-01T02:49:04,2008-04-01T02:56:27,2008-04-01T03:01:24,SF,94121,B07,14,,1,4,0,0,0,0,E14,,,0,0,0,0,1,"118 - Trash or rubbish fire, contained",None,11 - Extinguish,-,-,U - Unknown,"960 - Street, other",,,,,,,,,,,,,,,,,,,,,,,,,,,,Outer Richmond,POINT (-122.480175 37.776496),-122.480175,37.776496
"8,028,139",0,80281390,1225 Northpoint Dr.,2008-04-01T00:00:00,80920035,2008-04-01T03:17:31,2008-04-01T03:25:16,2008-04-01T03:44:02,TI,94130,B03,48,,4,12,0,0,0,0,E48,,,0,0,0,0,1,442 - Overheated motor,None,82 - Notify other agencies.,-,-,-,419 - 1 or 2 family dwelling,,,,,,,,,,,,,,,,,,,,,,,,,,,6,Treasure Island,POINT (-122.37483737 37.83019284),-122.3748374,37.83019284
"8,028,155",0,80281550,Geary Bl. / 48th Av.,2008-04-01T00:00:00,80920057,2008-04-01T06:42:35,2008-04-01T06:47:36,2008-04-01T06:50:01,SF,94121,B07,34,,1,4,0,0,0,0,E34,,,0,0,0,0,1,"118 - Trash or rubbish fire, contained",None,"10 - Fire, other",-,-,U - Unknown,"000 - Property Use, other",,,,,,,,,,,,,,,,,,,,,,,,,,,,Outer Richmond,POINT (-122.509368 37.778963),-122.509368,37.778963
"8,028,157",0,80281570,Steiner St. / Geary Bl.,2008-04-01T00:00:00,80920061,2008-04-01T06:46:13,2008-04-01T06:51:24,2008-04-01T06:51:24,SF,94102,B04,5,,3,9,3,5,0,0,E05,,,0,0,0,0,1,322 - Vehicle accident with injuries,None,33 - Provide advanced life support (ALS),-,-,-,963 - Street or road in commercial area,,,,,,,,,,,,,,,,,,,,,,,,,,,5,Western Addition,POINT (-122.434564 37.784151),-122.434564,37.784151
"8,028,168",0,80281680,1000 Sutter St.,2008-04-01T00:00:00,80920073,2008-04-01T07:35:48,2008-04-01T07:39:42,2008-04-01T08:16:28,SF,94109,B04,3,,3,10,0,0,0,0,E03,,,0,0,0,0,1,735 - Alarm system sounded due to malfunction,None,86 - Investigate,-,-,-,429 - Multifamily dwellings,,,,,,,,,,,,,,,,,,,,,,,,,,,,Nob Hill,POINT (-122.416928 37.788235),-122.416928,37.788235
"8,028,173",0,80281730,1240 Fillmore St.,2008-04-01T00:00:00,80920083,2008-04-01T08:10:50,2008-04-01T08:15:29,2008-04-01T08:23:59,SF,94115,B05,5,,1,4,0,0,0,0,E05,,,0,0,0,0,1,554 - Assist invalid,None,71 - Assist physically disabled,-,-,-,459 - Residential board and care,,,,,,,,,,,,,,,,,,,,,,,,,,,5,Western Addition,POINT (-122.432136 37.7809),-122.432136,37.7809
"8,028,175",0,80281750,Prague St. / Drake St.,2008-04-01T00:00:00,80920085,2008-04-01T08:31:23,2008-04-01T08:35:32,2008-04-01T09:47:26,SF,94112,B09,43,,1,4,1,2,0,0,E43,,,0,0,0,0,1,"311 - Medical assist, assist EMS crew",None,32 - Provide basic life support (BLS),-,-,-,"962 - Residential street, road or residential dr",,,,,,,,,,,,,,,,,,,,,,,,,,,11,Excelsior,POINT (-122.4364958 37.71006802),-122.4364958,37.71006802
"8,028,177",0,80281770,363 Noe St.,2008-04-01T00:00:00,80920087,2008-04-01T08:35:10,2008-04-01T08:41:12,2008-04-01T08:47:13,SF,94114,B05,6,,3,11,0,0,0,0,E06,,,0,0,0,0,1,745 - Alarm system sounded/no fire-accidental,None,63 - Restore fire alarm system,-,-,-,459 - Residential board and care,,,,,,,,,,,,,,,,,,,,,,,,,,,8,Castro/Upper Market,POINT (-122.432911 37.76322),-122.432911,37.76322
"8,028,174",0,80281740,Hudson Av. / Ingalls St.,2008-04-01T00:00:00,80920084,2008-04-01T08:15:01,2008-04-01T08:19:02,2008-04-01T08:19:58,SF,94124,B10,17,,2,9,0,0,0,0,E17,,,0,0,0,0,1,"711 - Municipal alarm system, Street Box False",None,86 - Investigate,-,-,-,"962 - Residential street, road or residential dr",,,,,,,,,,,,,,,,,,,,,,,,,,,10,Bayview Hunters Point,POINT (-122.379598 37.732467),-122.379598,37.732467
"8,028,189",0,80281890,301 Ellis St.,2008-04-01T00:00:00,80920106,2008-04-01T09:26:01,2008-04-01T09:31:31,2008-04-01T09:41:09,SF,94102,B03,3,,3,1,0,0,0,0,E03,,,0,0,0,0,1,735 - Alarm system sounded due to malfunction,None,86 - Investigate,-,-,-,429 - Multifamily dwellings,,,,,,,,,,,,,,,,,,,,,,,,,,,,Tenderloin,POINT (-122.411213 37.784995),-122.411213,37.784995
"8,028,195",0,80281950,Hudson Av. / Ingalls St.,2008-04-01T00:00:00,80920118,2008-04-01T09:57:39,2008-04-01T10:00:29,2008-04-01T10:03:21,SF,94124,B10,17,,2,9,0,0,0,0,E17,,,0,0,0,0,1,"711 - Municipal alarm system, Street Box False",None,86 - Investigate,-,-,-,"960 - Street, other",,,,,,,,,,,,,,,,,,,,,,,,,,,10,Bayview Hunters Point,POINT (-122.379598 37.732467),-122.379598,37.732467
"8,028,196",0,80281960,140 Jones St.,2008-04-01T00:00:00,80920119,2008-04-01T10:02:53,2008-04-01T10:08:09,2008-04-01T10:14:40,SF,94109,B03,1,,2,8,1,2,0,0,E03,,,0,0,0,0,1,554 - Assist invalid,None,71 - Assist physically disabled,-,-,-,"439 - Boarding/rooming house, res. hotels",,,,,,,,,,,,,,,,,,,,,,,,,,,,Tenderloin,POINT (-122.412219 37.782476),-122.412219,37.782476
"8,028,213",0,80282130,318 Kearny St.,2008-04-01T00:00:00,80920142,2008-04-01T11:09:26,2008-04-01T11:15:27,2008-04-01T11:32:18,SF,94104,B01,13,,3,11,0,0,0,0,E35,,,0,0,0,0,1,"700 - False alarm or false call, other",None,86 - Investigate,-,-,-,"500 - Mercantile, business, other",,,,,,,,,,,,,,,,,,,,,,,,,,,3,Financial District/South Beach,POINT (-122.40388762 37.79116973),-122.4038876,37.79116973
"8,028,214",0,80282140,26th St. / Horace St.,2008-04-01T00:00:00,80920143,2008-04-01T11:09:17,2008-04-01T11:21:08,2008-04-01T12:20:01,SF,94110,B06,7,,1,5,0,0,0,0,T07,,,0,0,0,0,1,"600 - Good intent call, other",None,45 - Remove hazard,-,-,-,"962 - Residential street, road or residential dr",,,,,,,,,,,,,,,,,,,,,,,,,,,,Mission,POINT (-122.414338 37.74927),-122.414338,37.74927
"8,028,219",0,80282190,5th St. / Bryant St.,2008-04-01T00:00:00,80920151,2008-04-01T11:33:18,2008-04-01T11:36:34,2008-04-01T11:38:52,SF,94107,B03,8,,1,4,0,0,0,0,E08,,,0,0,0,0,1,"142 - Brush, or brush and grass mixture fire",None,86 - Investigate,-,-,-,963 - Street or road in commercial area,"90 - Outside area, other",U - Cause undetermined after investigation,UU - Undetermined,-,UU - Undetermined,"70 - Organic materials, other",3 - Unattended or unsupervised person,,,,,,,,,,,,,,,,,,,,,South of Market,POINT (-122.400302 37.777799),-122.400302,37.777799
"8,028,224",0,80282240,5030 Mission St.,2008-04-01T00:00:00,80920156,2008-04-01T11:41:01,2008-04-01T11:47:53,2008-04-01T12:09:47,SF,94112,B09,43,,1,4,0,0,0,0,E43,100,100,0,0,0,0,1,111 - Building fire,None,86 - Investigate,-,-,-,429 - Multifamily dwellings,21 - Bedroom-<5 persons; inc. jail or pris,3 - Failure of equipment or heat source,"30 - Electrical failure, malfunction, othe",-,13 - Arcing,"81 - Electrical wire, cable insulation",N - None,1 -Enclosed building,2 -In normal use,3,-,1,1,0,0,0,U -Undetermined,-,-,-,-,N -None Present,-,-,-,0,,Outer Mission,POINT (-122.44011498 37.71812878),-122.440115,37.71812878
"8,028,256",0,80282560,200 The Embarcadero Nor,2008-04-01T00:00:00,80920198,2008-04-01T14:28:30,2008-04-01T14:37:06,2008-04-01T14:48:12,SF,94104,B01,13,,1,4,0,0,0,0,E35,,,0,0,0,0,1,"150 - Outside rubbish fire, other",None,87 - Investigate - Fire out on arrival,-,-,-,"898 - Dock, marina, pier, wharf",,,,,,,,,,,,,,,,,,,,,,,,,,,3,Financial District/South Beach,POINT (-122.394913 37.796958),-122.394913,37.796958
"8,028,268",0,80282680,136 Eastwood Dr.,2008-04-01T00:00:00,80920211,2008-04-01T15:00:22,2008-04-01T15:11:05,2008-04-01T17:16:37,SF,94116,B09,15,,3,8,0,0,0,0,T15,,,0,0,0,0,1,"550 - Public service assistance, other",None,52 - Forcible entry,-,-,-,419 - 1 or 2 family dwelling,,,,,,,,,,,,,,,,,,,,,,,,,,,7,West of Twin Peaks,POINT (-122.4570567 37.72837822),-122.4570567,37.72837822
"8,028,267",0,80282670,240 Jones St.,2008-04-01T00:00:00,80920212,2008-04-01T15:01:54,2008-04-01T15:10:25,2008-04-01T16:23:19,SF,94105,B03,1,,1,4,0,0,0,0,E01,,,0,0,0,0,1,554 - Assist invalid,None,71 - Assist physically disabled,-,-,-,"400 - Residential, other",,,,,,,,,,,,,,,,,,,,,,,,,,,,Tenderloin,POINT (-122.412406 37.783406),-122.412406,37.783406
"8,028,264",0,80282640,1960 - 1980 Grant Av.,2008-04-01T00:00:00,80920208,2008-04-01T14:59:12,2008-04-01T15:15:14,2008-04-01T15:15:14,SF,94133,B01,28,,3,11,0,0,0,0,E28,,,0,0,0,0,1,"700 - False alarm or false call, other",None,86 - Investigate,-,-,-,"400 - Residential, other",,,,,,,,,,,,,,,,,,,,,,,,,,,,North Beach,POINT (-122.408373 37.804982),-122.408373,37.804982
"8,028,265",0,80282650,2557 Alemany Bl.,2008-04-01T00:00:00,80920209,2008-04-01T15:00:08,2008-04-01T15:06:24,2008-04-01T15:10:37,SF,94112,B09,33,,1,4,0,0,0,0,E33,,,0,0,0,0,1,554 - Assist invalid,None,71 - Assist physically disabled,-,-,-,131 - Church/mosque/synagogue/temple/chapel,,,,,,,,,,,,,,,,,,,,,,,,,,,,Outer Mission,POINT (-122.4466 37.714871),-122.4466,37.714871
"8,028,281",0,80282810,641edinburgh St,2008-04-01T00:00:00,80920230,2008-04-01T16:22:52,2008-04-01T16:30:08,2008-04-01T16:38:20,SF,94112,B09,43,,1,4,0,0,0,0,E43,,,0,0,0,0,1,444 - Power line down (wire),None,45 - Remove hazard,-,-,-,419 - 1 or 2 family dwelling,,,,,,,,,,,,,,,,,,,,,,,,,,,11,Excelsior,POINT (-122.4337769 37.71934586),-122.4337769,37.71934586
"8,028,275",0,80282750,190 Coleridge St.,2008-04-01T00:00:00,80920225,2008-04-01T15:58:31,2008-04-01T16:06:20,2008-04-01T16:28:24,SF,94110,B06,11,,1,5,0,0,0,0,T11,,,0,0,0,0,1,351 - Extrication of victim(s) from Structure,None,"22 - Rescue, remove from harm",-,-,-,"400 - Residential, other",,,,,,,,,,,,,,,,,,,,,,,,,,,9,Bernal Heights,POINT (-122.420358 37.742874),-122.420358,37.742874
"8,028,288",0,80282880,Turk St. / Hyde St.,2008-04-01T00:00:00,80920241,2008-04-01T16:51:47,2008-04-01T16:54:46,2008-04-01T16:55:29,SF,94109,B02,3,,2,9,0,0,0,0,E03,,,0,0,0,0,1,"711 - Municipal alarm system, Street Box False",None,86 - Investigate,-,-,-,"960 - Street, other",,,,,,,,,,,,,,,,,,,,,,,,,,,,Tenderloin,POINT (-122.415695 37.782585),-122.415695,37.782585
"8,028,300",0,80283000,Alemany Bl. / Theresa St.,2008-04-01T00:00:00,80920253,2008-04-01T17:46:54,2008-04-01T17:54:12,2008-04-01T18:47:18,SF,94110,B09,15,,1,4,0,0,0,0,E15,,,0,0,0,0,1,322 - Vehicle accident with injuries,None,31 - Provide first aid & check for injuries,-,-,-,961 - Highway or divided highway (Street),,,,,,,,,,,,,,,,,,,,,,,,,,,,Outer Mission,POINT (-122.43448 37.728732),-122.43448,37.728732
"8,028,894",0,80288940,355 Serrano Dr.,2008-04-03T00:00:00,80940287,2008-04-03T15:12:37,2008-04-03T15:23:07,2008-04-03T16:07:24,SF,94121,B08,19,,1,5,0,0,0,0,T19,,,0,0,0,0,1,"331 - Lock-in (if lock out , use 511 )",None,"40 - Hazardous condition, other",-,-,-,419 - 1 or 2 family dwelling,,,,,,,,,,,,,,,,,,,,,,,,,,,7,Lakeshore,POINT (-122.480546 37.718962),-122.480546,37.718962
"8,028,908",0,80289080,121 Steuart St.,2008-04-03T00:00:00,80940305,2008-04-03T16:01:34,2008-04-03T16:05:26,2008-04-03T16:07:36,SF,94105,B03,35,,3,10,0,0,0,0,E13,,,0,0,0,0,1,745 - Alarm system sounded/no fire-accidental,None,86 - Investigate,-,-,-,599 - Business office,,,,,,,,,,,,,,,,,,,,,,,,,,,6,Financial District/South Beach,POINT (-122.392775 37.793),-122.392775,37.793
"8,028,918",0,80289180,North Point St. / Grant Av.,2008-04-03T00:00:00,80940315,2008-04-03T16:32:41,2008-04-03T16:36:42,2008-04-03T17:50:55,SF,94133,B01,28,,1,4,1,2,0,0,E28,,,0,0,0,0,1,"311 - Medical assist, assist EMS crew",None,31 - Provide first aid & check for injuries,-,-,-,"960 - Street, other",,,,,,,,,,,,,,,,,,,,,,,,,,,3,North Beach,POINT (-122.408899 37.807162),-122.408899,37.807162
"8,028,920",0,80289200,22nd St. / Mission St.,2008-04-03T00:00:00,80940318,2008-04-03T16:45:33,2008-04-03T16:48:18,2008-04-03T16:51:56,SF,94110,B06,7,,2,9,0,0,0,0,E07,,,0,0,0,0,1,"500 - Service Call, other",None,86 - Investigate,-,-,-,"160 - Eating, drinking places",,,,,,,,,,,,,,,,,,,,,,,,,,,,Mission,POINT (-122.418749 37.755437),-122.418749,37.755437
"8,028,829",0,80288290,405 Serrano Dr.,2008-04-03T00:00:00,80940202,2008-04-03T11:56:56,2008-04-03T12:01:31,2008-04-03T12:06:20,SF,94132,B08,19,,3,11,0,0,0,0,E19,,,0,0,0,0,1,"744 - Detector activation, no fire - accident",None,86 - Investigate,-,-,-,429 - Multifamily dwellings,,,,,,,,,,,,,,,,,,,,,,,,,,,7,Lakeshore,POINT (-122.481573 37.718991),-122.481573,37.718991
"8,028,839",0,80288390,15th St. / Mission St.,2008-04-03T00:00:00,80940213,2008-04-03T12:33:36,2008-04-03T12:36:10,2008-04-03T12:37:27,SF,94102,B02,36,,1,4,0,0,0,0,E36,,,0,0,0,0,1,"711 - Municipal alarm system, Street Box False",None,86 - Investigate,-,-,-,"960 - Street, other",,,,,,,,,,,,,,,,,,,,,,,,,,,,Mission,POINT (-122.419827 37.766673),-122.419827,37.766673
"8,028,828",0,80288280,1 101nb 7th St Of,2008-04-03T00:00:00,80940199,2008-04-03T11:51:44,2008-04-03T12:00:34,2008-04-03T13:37:49,SF,94105,B03,8,,3,10,0,0,0,0,E08,,,0,0,0,0,1,322 - Vehicle accident with injuries,None,"30 - Emergency medical services, other",-,-,-,961 - Highway or divided highway (Street),,,,,,,,,,,,,,,,,,,,,,,,,,,,South of Market,POINT (-122.406561 37.773092),-122.406561,37.773092
"8,028,912",0,80289120,982 Market St.,2008-04-03T00:00:00,80940309,2008-04-03T16:16:04,2008-04-03T16:21:19,2008-04-03T16:24:00,SF,94109,B03,1,,3,11,0,0,0,0,E03,,,0,0,0,0,1,"700 - False alarm or false call, other",None,86 - Investigate,-,-,-,"960 - Street, other",,,,,,,,,,,,,,,,,,,,,,,,,,,,Tenderloin,POINT (-122.41034 37.782689),-122.41034,37.782689
"8,028,913",0,80289130,18th St. / Mission St.,2008-04-03T00:00:00,80940310,2008-04-03T16:14:32,2008-04-03T16:20:43,2008-04-03T17:09:49,SF,94110,B02,7,,3,7,0,0,0,0,RC3,,,0,0,0,0,1,322 - Vehicle accident with injuries,None,"30 - Emergency medical services, other",-,-,-,174 - Rapid transit station,,,,,,,,,,,,,,,,,,,,,,,,,,,9,Mission,POINT (-122.41936 37.761836),-122.41936,37.761836
"8,028,900",0,80289000,100 Walnut St.,2008-04-03T00:00:00,80940295,2008-04-03T15:35:35,2008-04-03T15:40:19,2008-04-03T15:43:15,SF,94118,B04,10,,3,10,0,0,0,0,E10,,,0,0,0,0,1,"653 - Barbecue, tar kettle",None,86 - Investigate,-,-,-,419 - 1 or 2 family dwelling,,,,,,,,,,,,,,,,,,,,,,,,,,,,Presidio Heights,POINT (-122.44890227 37.79045885),-122.4489023,37.79045885
"8,028,852",0,80288520,Mason St. / Market St.,2008-04-03T00:00:00,80940231,2008-04-03T13:11:10,2008-04-03T13:15:04,2008-04-03T13:15:19,SF,94109,B03,1,,2,9,0,0,0,0,E01,,,0,0,0,0,1,"711 - Municipal alarm system, Street Box False",None,86 - Investigate,-,-,-,"960 - Street, other",,,,,,,,,,,,,,,,,,,,,,,,,,,,Tenderloin,POINT (-122.408203 37.783962),-122.408203,37.783962
"8,028,843",0,80288430,200 Santa Rosa Av.,2008-04-03T00:00:00,80940222,2008-04-03T12:54:26,2008-04-03T12:58:38,2008-04-03T13:09:30,SF,94112,B09,15,,1,4,0,0,0,0,E33,,,0,0,0,0,1,"500 - Service Call, other",None,"60 - Systems and services, other",-,-,-,"962 - Residential street, road or residential dr",,,,,,,,,,,,,,,,,,,,,,,,,,,,Outer Mission,POINT (-122.4400469 37.72898139),-122.4400469,37.72898139
"8,028,847",0,80288470,Vallejo St. / Sansome St.,2008-04-03T00:00:00,80940226,2008-04-03T12:57:33,2008-04-03T13:01:17,2008-04-03T13:04:07,SF,94111,B01,13,,1,4,0,0,0,0,E35,,,0,0,0,0,1,"118 - Trash or rubbish fire, contained",None,"10 - Fire, other",-,-,U - Unknown,"962 - Residential street, road or residential dr","90 - Outside area, other",2 - Unintentional,11 - Abandoned or discarded materials or p,-,UU - Undetermined,"96 - Rubbish, trash, or waste",N - None,,,,,,,,,,,,,,,,,,,,,North Beach,POINT (-122.402423 37.799383),-122.402423,37.799383
"8,028,926",0,80289260,18th St. / Mission St.,2008-04-03T00:00:00,80940325,2008-04-03T17:14:16,2008-04-03T17:16:19,2008-04-03T17:17:11,SF,94110,B02,7,,2,9,0,0,0,0,E07,,,0,0,0,0,1,"500 - Service Call, other",None,86 - Investigate,-,-,-,"400 - Residential, other",,,,,,,,,,,,,,,,,,,,,,,,,,,9,Mission,POINT (-122.41936 37.761836),-122.41936,37.761836
"8,028,882",0,80288820,24th St. / Castro St.,2008-04-03T00:00:00,80940271,2008-04-03T14:22:42,2008-04-03T14:22:42,2008-04-03T14:22:42,SF,94131,B06,24,,1,2,0,0,0,0,72,,,0,0,0,0,1,"900 - Special type of incident, other",None,"00 - Action taken, other",-,-,-,"000 - Property Use, other",,,,,,,,,,,,,,,,,,,,,,,,,,,,Noe Valley,POINT (-122.434089 37.751305),-122.434089,37.751305
"8,028,863",0,80288630,Montgomery St. / Filbert St.,2008-04-03T00:00:00,80940245,2008-04-03T13:31:01,2008-04-03T13:35:56,2008-04-03T13:36:40,SF,94133,B01,28,,2,9,0,0,0,0,E28,,,0,0,0,0,1,"711 - Municipal alarm system, Street Box False",None,86 - Investigate,-,-,-,"960 - Street, other",,,,,,,,,,,,,,,,,,,,,,,,,,,,North Beach,POINT (-122.404611 37.80196),-122.404611,37.80196
"8,028,857",0,80288570,2014 22nd Av.,2008-04-03T00:00:00,80940240,2008-04-03T13:24:44,2008-04-03T13:31:15,2008-04-03T13:41:14,SF,94122,B08,40,,1,4,0,0,0,0,E40,,,0,0,0,0,1,444 - Power line down (wire),None,86 - Investigate,-,-,-,"962 - Residential street, road or residential dr",,,,,,,,,,,,,,,,,,,,,,,,,,,,Sunset/Parkside,POINT (-122.479318 37.750057),-122.479318,37.750057
"8,028,564",0,80285640,1600 Holloway Av.,2008-04-02T00:00:00,80930263,2008-04-02T15:31:46,2008-04-02T15:40:47,2008-04-02T16:33:41,SF,94102,B08,19,,5,15,0,0,0,0,E19,,,0,0,0,0,1,323 - Auto/Ped. Accident (Veh.),None,33 - Provide advanced life support (ALS),-,-,-,"960 - Street, other",,,,,,,,,,,,,,,,,,,,,,,,,,,7,Lakeshore,POINT (-122.483602 37.722997),-122.483602,37.722997
"8,028,574",0,80285740,1 Sf Intl Airport,2008-04-02T00:00:00,80930279,2008-04-02T12:54:11,2008-04-02T12:59:16,2008-04-02T13:16:19,SFO,94128,B09,A1,,2,5,0,0,0,0,AP,,,0,0,0,0,1,"500 - Service Call, other",None,86 - Investigate,-,-,-,171 - Airport passenger terminal,,,,,,,,,,,,,,,,,,,,,,,,,,,,Bayview Hunters Point,POINT (-122.38416 37.616901),-122.38416,37.616901
"8,028,588",0,80285880,Fillmore St. / Geary Bl.,2008-04-02T00:00:00,80930294,2008-04-02T16:48:31,2008-04-02T16:52:52,2008-04-02T17:14:26,SF,94115,B04,5,,1,4,0,0,0,0,E38,,,0,0,0,0,1,"451 - Biological hazard, confirmed or suspected",None,47 - Decontaminate occupancy or area,-,-,-,963 - Street or road in commercial area,,,,,,,,,,,,,,,,,,,,,,,,,,,5,Western Addition,POINT (-122.432914 37.784353),-122.432914,37.784353
"8,028,577",0,80285770,610 Polk St.,2008-04-02T00:00:00,80930282,2008-04-02T16:25:44,2008-04-02T16:29:45,2008-04-02T16:36:09,SF,94102,B02,3,,3,11,0,0,0,0,E03,,,0,0,0,0,1,745 - Alarm system sounded/no fire-accidental,None,63 - Restore fire alarm system,-,-,-,429 - Multifamily dwellings,,,,,,,,,,,,,,,,,,,,,,,,,,,,Tenderloin,POINT (-122.41894 37.782329),-122.41894,37.782329
"3,000,193",0,30001930,Keith St. / Newcomb Av.,2003-01-01T00:00:00,30010261,2003-01-01T08:49:30,2003-01-01T08:52:01,2003-01-01T09:02:57,SF,94124,B10,17,,2,9,0,0,0,0,E17,0,0,0,0,0,0,1,"711 - Municipal alarm system, Street Box False",None,86 - Investigate,-,-,-,"962 - Residential street, road or residential dr",,,,,,,,,,,,,,,,,,,,,,,,,,,10,Bayview Hunters Point,POINT (-122.386047 37.73318184257748),-122.386047,37.73318184
"3,000,197",0,30001970,132 Brookdale Av.,2003-01-01T00:00:00,30010269,2003-01-01T09:26:39,2003-01-01T09:32:28,2003-01-01T09:38:10,SF,94124,B09,43,,1,5,0,0,0,0,T15,0,0,0,0,0,0,1,"500 - Service Call, other",None,71 - Assist physically disabled,-,-,-,429 - Multifamily dwellings,,,,,,,,,,,,,,,,,,,,,,,,,,,10,McLaren Park,POINT (-122.421516 37.712267),-122.421516,37.712267
"3,000,429",0,30004290,2941 23rd Av.,2003-01-01T00:00:00,30010569,2003-01-01T23:58:48,2003-01-02T00:02:02,2003-01-02T00:16:35,SF,94122,B08,19,,3,11,0,0,0,0,E19,0,0,0,0,0,0,1,"445 - Arcing, shorted electrical equipment",None,86 - Investigate,-,-,-,419 - 1 or 2 family dwelling,,,,,,,,,,,,,,,,,,,,,,,,,,,7,Sunset/Parkside,POINT (-122.479399 37.733715),-122.479399,37.733715
"3,000,180",0,30001800,300 20th St.,2003-01-01T00:00:00,30010240,2003-01-01T07:21:39,2003-01-01T07:28:16,2003-01-01T07:52:09,SF,94110,B10,25,,3,12,0,0,0,0,E25,0,0,0,0,0,0,1,522 - Water or steam leak,None,86 - Investigate,-,-,-,963 - Street or road in commercial area,,,,,,,,,,,,,,,,,,,,,,,,,,,10,Potrero Hill,POINT (-122.384719 37.760774),-122.384719,37.760774
"3,000,184",0,30001840,Hyde St. / Turk St.,2003-01-01T00:00:00,30010245,2003-01-01T07:53:46,2003-01-01T07:56:55,2003-01-01T07:56:55,SF,94109,B02,3,,2,9,0,0,0,0,,0,0,0,0,0,0,1,"711 - Municipal alarm system, Street Box False",None,86 - Investigate,-,-,-,"960 - Street, other",,,,,,,,,,,,,,,,,,,,,,,,,,,,Tenderloin,POINT (-122.415695 37.782149),-122.415695,37.782149
"3,006,908",0,30069080,Lakeview Av. / Plymouth Av.,2003-01-24T00:00:00,30240322,2003-01-24T17:24:31,2003-01-24T17:28:47,2003-01-24T17:28:51,SF,94112,B09,33,,2,9,0,0,0,0,E33,0,0,0,0,0,0,1,"711 - Municipal alarm system, Street Box False",None,86 - Investigate,-,-,-,"962 - Residential street, road or residential dr",,,,,,,,,,,,,,,,,,,,,,,,,,,,Oceanview/Merced/Ingleside,POINT (-122.456107 37.718236),-122.456107,37.718236
"3,006,914",0,30069140,Bacon St. / San Bruno Av.,2003-01-24T00:00:00,30240331,2003-01-24T17:59:36,2003-01-24T18:05:24,2003-01-24T18:06:33,SF,94124,B10,42,,2,9,0,0,0,0,T17,0,0,0,0,0,0,1,"711 - Municipal alarm system, Street Box False",None,86 - Investigate,-,-,-,"960 - Street, other",,,,,,,,,,,,,,,,,,,,,,,,,,,,Portola,POINT (-122.403595 37.727634),-122.403595,37.727634
"3,007,151",0,30071510,Grant Av. / Jackson St.,2003-01-25T00:00:00,30250263,2003-01-25T15:54:57,2003-01-25T16:00:13,2003-01-25T16:00:17,SF,94109,B01,2,,2,9,0,0,0,0,E02,0,0,0,0,0,0,1,"711 - Municipal alarm system, Street Box False",None,86 - Investigate,-,-,-,"960 - Street, other",,,,,,,,,,,,,,,,,,,,,,,,,,,3,Chinatown,POINT (-122.406657 37.796024),-122.406657,37.796024
"3,007,160",0,30071600,15th St. / Potrero Av.,2003-01-25T00:00:00,30250273,2003-01-25T16:23:02,2003-01-25T16:26:26,2003-01-25T16:41:13,SF,94107,B02,29,,1,4,0,0,0,0,E29,0,0,0,0,0,0,1,551 - Assist PD or other Govern. Agency,None,"60 - Systems and services, other",-,-,-,"960 - Street, other",,,,,,,,,,,,,,,,,,,,,,,,,,,,Mission,POINT (-122.407686 37.767083),-122.407686,37.767083
"3,007,167",0,30071670,567 Golden Gate Av.,2003-01-25T00:00:00,30250287,2003-01-25T17:03:58,2003-01-25T17:06:14,2003-01-25T17:08:38,SF,94102,B02,36,,2,6,2,3,0,0,RC1,0,0,0,0,0,0,1,"311 - Medical assist, assist EMS crew",None,86 - Investigate,-,-,-,"960 - Street, other",,,,,,,,,,,,,,,,,,,,,,,,,,,,Tenderloin,POINT (-122.419865 37.781033),-122.419865,37.781033
"3,007,169",0,30071690,3991 17th St.,2003-01-25T00:00:00,30250289,2003-01-25T17:06:31,2003-01-25T17:09:47,2003-01-25T17:13:28,SF,94114,B05,6,,1,4,0,0,0,0,E06,0,0,0,0,0,0,1,"700 - False alarm or false call, other",None,86 - Investigate,-,-,-,161 - Restaurant or cafeteria,,,,,,,,,,,,,,,,,,,,,,,,,,,8,Castro/Upper Market,POINT (-122.435048 37.762484),-122.435048,37.762484
"3,007,719",0,30077190,5th St. / Mission St.,2003-01-27T00:00:00,30270274,2003-01-27T15:21:57,2003-01-27T15:24:37,2003-01-27T15:24:39,SF,94104,B03,1,,2,9,0,0,0,0,E01,0,0,0,0,0,0,1,"711 - Municipal alarm system, Street Box False",None,86 - Investigate,-,-,-,963 - Street or road in commercial area,,,,,,,,,,,,,,,,,,,,,,,,,,,,South of Market,POINT (-122.406481 37.782731),-122.406481,37.782731
"3,007,720",0,30077200,1978 30th Av.,2003-01-27T00:00:00,30270278,2003-01-27T15:28:38,2003-01-27T15:31:27,2003-01-27T16:22:56,SF,94122,B08,18,,8,24,0,0,0,0,E18,0,0,0,0,0,0,1,111 - Building fire,None,11 - Extinguish,-,-,-,"400 - Residential, other",21 - Bedroom-<5 persons; inc. jail or pris,2 - Unintentional,53 - Equipment unattended,-,12 - Radiated/conducted heat operating equ,14 - Floor covering or rug/carpet/mat,N - None,1 -Enclosed building,2 -In normal use,2,14 -Floor covering or rug/carpet/mat,3,0,1,0,0,1 -Present,"0 -Detector type, other",2 -Detector operated,3 -There were no occupants,-,N -None Present,-,-,-,0,,Sunset/Parkside,POINT (-122.487942 37.750413),-122.487942,37.750413
"3,007,721",0,30077210,3118 Pierce St.,2003-01-27T00:00:00,30270280,2003-01-27T15:43:38,2003-01-27T15:46:28,2003-01-27T16:13:38,SF,94123,B04,16,,1,5,0,0,0,0,T16,0,0,0,0,0,0,1,511 - Lock-out,None,52 - Forcible entry,-,-,-,419 - 1 or 2 family dwelling,,,,,,,,,,,,,,,,,,,,,,,,,,,2,Marina,POINT (-122.4389506 37.79886408),-122.4389506,37.79886408
"3,007,722",0,30077220,810 Silver Av.,2003-01-27T00:00:00,30270281,2003-01-27T15:46:47,2003-01-27T15:49:28,2003-01-27T16:13:53,SF,94124,B09,42,,3,11,0,0,0,0,E42,0,0,0,0,0,0,1,"651 - Smoke scare, odor of smoke",None,86 - Investigate,-,-,-,"213 - Elem. school, inc. kindergarten",,,,,,,,,,,,,,,,,,,,,,,,,,,,Excelsior,POINT (-122.419237 37.72899),-122.419237,37.72899
"3,007,724",0,30077240,1635 Mason St.,2003-01-27T00:00:00,30270283,2003-01-27T15:54:39,2003-01-27T15:56:48,2003-01-27T16:53:06,SF,94109,B01,2,,10,34,0,0,0,0,E02,0,0,0,0,0,0,1,111 - Building fire,None,11 - Extinguish,12 - Salvage & overhaul,51 - Ventilate,-,419 - 1 or 2 family dwelling,"14 - Common room, den, family/living room",2 - Unintentional,12 - Heat source too close to combustibles,-,12 - Radiated/conducted heat operating equ,"59 - Rolled, wound material (paper, fabric",N - None,1 -Enclosed building,4 -Under major renovation,1,"59 -Rolled, wound material (paper, fabric)",2,1,0,0,0,1 -Present,U -Undetermined,2 -Detector operated,3 -There were no occupants,-,N -None Present,-,-,-,0,,Nob Hill,POINT (-122.41258388 37.79857983),-122.4125839,37.79857983
"3,007,725",0,30077250,Hayes St. / Market St.,2003-01-27T00:00:00,30270284,2003-01-27T15:57:04,2003-01-27T16:00:59,2003-01-27T16:05:22,SF,94102,B02,1,,1,4,0,0,0,0,E36,0,0,0,0,0,0,1,"118 - Trash or rubbish fire, contained",None,11 - Extinguish,-,-,U - Unknown,961 - Highway or divided highway (Street),,,,,,,,,,,,,,,,,,,,,,,,,,,,Tenderloin,POINT (-122.414744 37.778719),-122.414744,37.778719
"3,007,735",0,30077350,10th St. / Howard St.,2003-01-27T00:00:00,30270297,2003-01-27T16:21:54,2003-01-27T16:25:12,2003-01-27T16:25:44,SF,94103,B02,36,,2,9,0,0,0,0,E36,0,0,0,0,0,0,1,"711 - Municipal alarm system, Street Box False",None,86 - Investigate,-,-,-,"962 - Residential street, road or residential dr",,,,,,,,,,,,,,,,,,,,,,,,,,,,South of Market,POINT (-122.414371 37.774042),-122.414371,37.774042
"3,007,737",0,30077370,Grove St. / Van Ness Av.,2003-01-27T00:00:00,30270299,2003-01-27T16:30:36,2003-01-27T16:32:35,2003-01-27T16:33:09,SF,94115,B02,36,,2,9,0,0,0,0,E36,0,0,0,0,0,0,1,"711 - Municipal alarm system, Street Box False",None,86 - Investigate,-,-,-,"962 - Residential street, road or residential dr",,,,,,,,,,,,,,,,,,,,,,,,,,,5,Hayes Valley,POINT (-122.419885 37.778251),-122.419885,37.778251
"3,007,738",0,30077380,2764 Bryant St.,2003-01-27T00:00:00,30270301,2003-01-27T16:35:36,2003-01-27T16:39:08,2003-01-27T16:47:02,SF,94124,B06,9,,1,4,0,0,0,0,E09,0,0,0,0,0,0,1,411 - Gasoline or other flammable liquid spill,None,86 - Investigate,-,-,-,"962 - Residential street, road or residential dr",,,,,,,,,,,,,,,,,,,,,,,,,,,,Mission,POINT (-122.40919571 37.75014504),-122.4091957,37.75014504
"3,007,740",0,30077400,909 Hyde St.,2003-01-27T00:00:00,30270303,2003-01-27T16:45:35,2003-01-27T16:48:02,2003-01-27T16:51:39,SF,94109,B04,3,,3,11,0,0,0,0,E03,0,0,0,0,0,0,1,"730 - System malfunction, other",None,86 - Investigate,-,-,-,"300 - Health care/Detentino & correction, oth.",,,,,,,,,,,,,,,,,,,,,,,,,,,,Nob Hill,POINT (-122.417138 37.789261),-122.417138,37.789261
"3,007,741",0,30077410,225 Hyde St.,2003-01-27T00:00:00,30270304,2003-01-27T16:46:51,2003-01-27T16:50:43,2003-01-27T16:54:22,SF,94104,B02,3,,3,11,0,0,0,0,E01,0,0,0,0,0,0,1,"730 - System malfunction, other",None,86 - Investigate,-,-,-,"449 - Hotel/motel, commercial",,,,,,,,,,,,,,,,,,,,,,,,,,,,Tenderloin,POINT (-122.415834 37.782837),-122.415834,37.782837
"3,007,742",0,30077420,6th St. / Market St.,2003-01-27T00:00:00,30270305,2003-01-27T16:48:15,2003-01-27T16:50:57,2003-01-27T16:51:48,SF,94105,B03,1,,2,9,0,0,0,0,E36,0,0,0,0,0,0,1,"711 - Municipal alarm system, Street Box False",None,86 - Investigate,-,-,-,"962 - Residential street, road or residential dr",,,,,,,,,,,,,,,,,,,,,,,,,,,,South of Market,POINT (-122.410293 37.78223),-122.410293,37.78223
"3,007,747",0,30077470,Market St. / Mason St.,2003-01-27T00:00:00,30270310,2003-01-27T17:21:36,2003-01-27T17:24:45,2003-01-27T17:24:45,SF,94105,B03,1,,2,9,0,0,0,0,,0,0,0,0,0,0,1,"711 - Municipal alarm system, Street Box False",None,86 - Investigate,-,-,-,"962 - Residential street, road or residential dr",,,,,,,,,,,,,,,,,,,,,,,,,,,,Tenderloin,POINT (-122.408953 37.783288),-122.408953,37.783288
"3,007,751",0,30077510,Laguna St. / Oak St.,2003-01-27T00:00:00,30270314,2003-01-27T17:40:42,2003-01-27T17:43:08,2003-01-27T17:43:38,SF,94115,B02,36,,2,9,0,0,0,0,E36,0,0,0,0,0,0,1,"711 - Municipal alarm system, Street Box False",None,86 - Investigate,-,-,-,"962 - Residential street, road or residential dr",,,,,,,,,,,,,,,,,,,,,,,,,,,5,Hayes Valley,POINT (-122.425892 37.774599),-122.425892,37.774599
"3,008,177",0,30081770,707 Taraval St.,2003-01-29T00:00:00,30290036,2003-01-29T07:23:08,2003-01-29T07:30:06,2003-01-29T07:37:22,SF,94122,B08,40,,1,4,0,0,0,0,T18,0,0,0,0,0,0,1,551 - Assist PD or other Govern. Agency,None,45 - Remove hazard,-,-,-,"580 - General retail, other",,,,,,,,,,,,,,,,,,,,,,,,,,,7,West of Twin Peaks,POINT (-122.47381242 37.74288468),-122.4738124,37.74288468
"3,008,178",0,30081780,601 Minnesota St.,2003-01-29T00:00:00,30290037,2003-01-29T07:23:55,2003-01-29T07:28:11,2003-01-29T07:53:58,SF,94107,B03,29,,1,4,0,0,0,0,E29,0,0,0,0,0,0,1,131 - Passenger vehicle fire,None,11 - Extinguish,-,-,-,"960 - Street, other",81 - Operator/passenger area/transport equ,U - Cause undetermined after investigation,-,-,UU - Undetermined,"21 - Upholstered sofa, chair, vehicle seat",-,,,,,,,,,,,,,,,,,,,,10,Potrero Hill,POINT (-122.390607 37.762862),-122.390607,37.762862
"3,008,183",0,30081830,2500 Mariposa St.,2003-01-29T00:00:00,30290045,2003-01-29T07:41:33,2003-01-29T07:44:30,2003-01-29T08:01:39,SF,94105,B02,29,,3,11,0,0,0,0,E07,0,0,0,0,0,0,1,531 - Smoke or odor removal,None,86 - Investigate,-,-,-,173 - Bus station,,,,,,,,,,,,,,,,,,,,,,,,,,,10,Mission,POINT (-122.408394 37.763188),-122.408394,37.763188
"3,008,185",0,30081850,170 Ofarrell St.,2003-01-29T00:00:00,30290047,2003-01-29T07:44:08,2003-01-29T07:47:26,2003-01-29T07:53:32,SF,94109,B01,1,,2,9,0,0,0,0,E01,0,0,0,0,0,0,1,733 - Smoke detector activation/malfunction,None,86 - Investigate,-,-,-,"449 - Hotel/motel, commercial",,,,,,,,,,,,,,,,,,,,,,,,,,,3,Financial District/South Beach,POINT (-122.407549 37.786541),-122.407549,37.786541
"3,008,188",0,30081880,405 Davis Ct.,2003-01-29T00:00:00,30290053,2003-01-29T07:55:43,2003-01-29T07:58:43,2003-01-29T08:07:10,SF,94104,B01,13,,2,9,0,0,0,0,E13,0,0,0,0,0,0,1,745 - Alarm system sounded/no fire-accidental,None,86 - Investigate,-,-,-,429 - Multifamily dwellings,,,,,,,,,,,,,,,,,,,,,,,,,,,3,Financial District/South Beach,POINT (-122.39840845 37.79639772),-122.3984085,37.79639772
"3,008,189",0,30081890,145 Jackson St.,2003-01-29T00:00:00,30290054,2003-01-29T07:57:16,2003-01-29T08:01:42,2003-01-29T08:14:00,SF,94108,B01,13,,0,0,3,11,0,0,E02,0,0,0,0,0,0,1,"740 - Unintentional alarm, other",None,86 - Investigate,-,-,-,599 - Business office,,,,,,,,,,,,,,,,,,,,,,,,,,,3,Financial District/South Beach,POINT (-122.398826 37.796563),-122.398826,37.796563
"3,008,385",0,30083850,2114 34th Av.,2003-01-29T00:00:00,30290385,2003-01-29T22:02:09,2003-01-29T22:06:05,2003-01-29T22:21:35,SF,94122,B08,18,,1,4,0,0,0,0,E18,0,0,0,0,0,0,1,554 - Assist invalid,None,"30 - Emergency medical services, other",-,-,-,419 - 1 or 2 family dwelling,,,,,,,,,,,,,,,,,,,,,,,,,,,,Sunset/Parkside,POINT (-122.4931528 37.74783271),-122.4931528,37.74783271
"3,008,389",0,30083890,16th St. / Folsom St.,2003-01-29T00:00:00,30290389,2003-01-29T22:19:50,2003-01-29T22:22:03,2003-01-29T22:22:03,SF,94110,B02,7,,1,1,1,1,1,1,,0,0,0,0,0,0,1,"700 - False alarm or false call, other",None,86 - Investigate,-,-,-,"962 - Residential street, road or residential dr",,,,,,,,,,,,,,,,,,,,,,,,,,,9,Mission,POINT (-122.415308 37.765316),-122.415308,37.765316
"3,008,396",0,30083960,2262 39th Av.,2003-01-29T00:00:00,30290397,2003-01-29T23:25:02,2003-01-29T23:29:57,2003-01-29T23:40:41,SF,94122,B08,18,,1,4,0,0,0,0,E18,0,0,0,0,0,0,1,551 - Assist PD or other Govern. Agency,None,75 - Provide equipment,-,-,-,419 - 1 or 2 family dwelling,,,,,,,,,,,,,,,,,,,,,,,,,,,,Sunset/Parkside,POINT (-122.4971746 37.74391893),-122.4971746,37.74391893
"3,008,191",0,30081910,155 Jackson St.,2003-01-29T00:00:00,30290067,2003-01-29T08:27:36,2003-01-29T08:29:18,2003-01-29T08:36:01,SF,94111,B01,13,,3,11,0,0,0,0,E13,0,0,0,0,0,0,1,741 - Sprinkler activation/no fire-accidental,None,86 - Investigate,-,-,-,429 - Multifamily dwellings,,,,,,,,,,,,,,,,,,,,,,,,,,,3,Financial District/South Beach,POINT (-122.398961 37.796933),-122.398961,37.796933
"3,008,193",0,30081930,1345 Fillmore St.,2003-01-29T00:00:00,30290074,2003-01-29T08:45:45,2003-01-29T08:47:45,2003-01-29T08:55:14,SF,94102,B05,5,,3,11,0,0,0,0,E05,0,0,0,0,0,0,1,733 - Smoke detector activation/malfunction,None,86 - Investigate,-,-,-,429 - Multifamily dwellings,,,,,,,,,,,,,,,,,,,,,,,,,,,5,Western Addition,POINT (-122.4325 37.781838),-122.4325,37.781838
"3,008,196",0,30081960,5th St. / Market St.,2003-01-29T00:00:00,30290085,2003-01-29T09:05:13,2003-01-29T09:36:06,2003-01-29T09:36:06,SF,94105,B03,1,,1,4,0,0,0,0,,0,0,0,0,0,0,1,553 - Public service,None,86 - Investigate,-,-,-,"000 - Property Use, other",,,,,,,,,,,,,,,,,,,,,,,,,,,,South of Market,POINT (-122.407486 37.783529),-122.407486,37.783529
